<application>
  <component name="XDebuggerSettings">
    <data-views>
      <option name="valueLookupDelay" value="150" />
    </data-views>
    <general />
    <debuggers>
      <debugger id="dotnet_debugger">
        <configuration>
          <option name="automaticallyRefreshWatches" value="true" />
          <option name="dontShowWritePermissionDialog" value="true" />
          <option name="needNotifyWhenStoppedInExternalCode" value="false" />
          <option name="showFullyQualifiedTypeNames" value="true" />
          <option name="sshCredentials">
            <option value="&lt;credentials HOST=&quot;173.244.167.10&quot; PORT=&quot;22&quot; USERNAME=&quot;Administrator&quot; PRIVATE_KEY_FILE=&quot;&quot; USE_KEY_PAIR=&quot;false&quot; USE_AUTH_AGENT=&quot;false&quot; /&gt;" />
          </option>
          <option name="remappedSourceLocationsMap">
            <map />
          </option>
        </configuration>
      </debugger>
      <debugger id="javascript">
        <configuration>
          <custom-object-presentation />
        </configuration>
      </debugger>
    </debuggers>
  </component>
</application>