<keymap version="1" name="Visual Studio copy" parent="Visual Studio">
  <action id="ActivateStructureToolWindow">
    <keyboard-shortcut first-keystroke="ctrl alt e" />
  </action>
  <action id="Annotate">
    <keyboard-shortcut first-keystroke="shift ctrl q" />
  </action>
  <action id="Console.History.Browse" />
  <action id="ExpandRegion">
    <keyboard-shortcut first-keystroke="ctrl alt 0" />
    <keyboard-shortcut first-keystroke="ctrl alt multiply" />
  </action>
  <action id="LocalHistory.ShowSelectionHistory">
    <keyboard-shortcut first-keystroke="alt s" />
  </action>
  <action id="PerforceDirect.Edit" />
  <action id="QuickJavaDoc">
    <keyboard-shortcut first-keystroke="shift ctrl f1" />
    <keyboard-shortcut first-keystroke="ctrl q" />
  </action>
  <action id="ShowTips">
    <keyboard-shortcut first-keystroke="ctrl numpad8" />
  </action>
  <action id="SplitVertically">
    <keyboard-shortcut first-keystroke="ctrl alt d" />
  </action>
  <action id="SurroundWith">
    <keyboard-shortcut first-keystroke="ctrl k" second-keystroke="s" />
  </action>
  <action id="ToggleFindInSelection" />
  <action id="Vcs.ShowTabbedFileHistory">
    <keyboard-shortcut first-keystroke="ctrl 2" />
  </action>
</keymap>