<keymap version="1" name="Default copy" parent="$default">
  <action id="ActivateStructureToolWindow">
    <keyboard-shortcut first-keystroke="alt 7" />
    <keyboard-shortcut first-keystroke="ctrl alt e" />
  </action>
  <action id="CheckinProject" />
  <action id="Console.History.Browse" />
  <action id="PerforceDirect.Edit" />
  <action id="ReformatCode">
    <keyboard-shortcut first-keystroke="ctrl alt l" />
    <keyboard-shortcut first-keystroke="ctrl k" second-keystroke="d" />
  </action>
</keymap>