<keymap version="1" name="Default copy Proper Redo" parent="$default">
  <action id="$Redo">
    <keyboard-shortcut first-keystroke="shift ctrl z" />
    <keyboard-shortcut first-keystroke="shift alt back_space" />
    <keyboard-shortcut first-keystroke="ctrl y" />
  </action>
  <action id="ActivateStructureToolWindow">
    <keyboard-shortcut first-keystroke="alt 7" />
    <keyboard-shortcut first-keystroke="ctrl alt e" />
  </action>
  <action id="CheckinProject" />
  <action id="Console.History.Browse" />
  <action id="EditorDeleteLine" />
  <action id="PerforceDirect.Edit" />
  <action id="ReformatCode">
    <keyboard-shortcut first-keystroke="ctrl alt l" />
    <keyboard-shortcut first-keystroke="ctrl k" second-keystroke="d" />
  </action>
</keymap>