<keymap version="1" name="Visual Studio copy" parent="Visual Studio">
  <action id="ActivateStructureToolWindow">
    <keyboard-shortcut first-keystroke="alt 7" />
    <keyboard-shortcut first-keystroke="ctrl alt e" />
  </action>
  <action id="ActivateTerminalToolWindow">
    <keyboard-shortcut first-keystroke="alt f12" />
    <keyboard-shortcut first-keystroke="ctrl alt 1" />
  </action>
  <action id="Annotate">
    <keyboard-shortcut first-keystroke="shift ctrl q" />
  </action>
  <action id="CheckinProject">
    <keyboard-shortcut first-keystroke="ctrl alt k" />
  </action>
  <action id="CommentByLineComment">
    <keyboard-shortcut first-keystroke="ctrl slash" />
    <keyboard-shortcut first-keystroke="ctrl divide" />
    <keyboard-shortcut first-keystroke="ctrl colon" />
    <keyboard-shortcut first-keystroke="ctrl k" second-keystroke="c" />
  </action>
  <action id="Console.History.Browse" />
  <action id="Console.TableResult.SetDefault" />
  <action id="Debugger.RemoveAllBreakpoints">
    <keyboard-shortcut first-keystroke="shift ctrl f9" />
  </action>
  <action id="EditorStartNewLineBefore" />
  <action id="GotoImplementation">
    <keyboard-shortcut first-keystroke="ctrl f12" />
  </action>
  <action id="PerforceDirect.Edit" />
  <action id="QuickActionPopup" />
  <action id="ReformatCode">
    <keyboard-shortcut first-keystroke="alt f8" />
    <keyboard-shortcut first-keystroke="ctrl alt f" />
    <keyboard-shortcut first-keystroke="ctrl k" second-keystroke="d" />
    <keyboard-shortcut first-keystroke="ctrl alt enter" />
  </action>
  <action id="RenameElement">
    <keyboard-shortcut first-keystroke="shift f6" />
    <keyboard-shortcut first-keystroke="ctrl r" second-keystroke="r" />
  </action>
  <action id="ShowSettings">
    <keyboard-shortcut first-keystroke="alt f7" />
    <keyboard-shortcut first-keystroke="ctrl alt s" />
  </action>
  <action id="SmartTypeCompletion">
    <keyboard-shortcut first-keystroke="ctrl alt space" />
  </action>
  <action id="SplitVertically">
    <keyboard-shortcut first-keystroke="ctrl alt d" />
  </action>
  <action id="SurroundWith">
    <keyboard-shortcut first-keystroke="ctrl k" second-keystroke="s" />
  </action>
  <action id="Vcs.UpdateProject">
    <keyboard-shortcut first-keystroke="ctrl alt w" />
  </action>
</keymap>